image_name,instruct,target_description,image_address,result_image_name,Type
26pigeons-qUGMxlGpirg-unsplash.jpg,Add sunset to the bottom,Photo of the sunset,https://unsplash.com/photos/white-and-green-boat-on-beach-during-daytime-qUGMxlGpirg,26pigeons-qUGMxlGpirg-unsplash_Add_sunset_to_the_bottom.jpg,Absolute Direction
26pigeons-qUGMxlGpirg-unsplash.jpg,Add sunset to the top,Photo of the sunset,https://unsplash.com/photos/white-and-green-boat-on-beach-during-daytime-qUGMxlGpirg,26pigeons-qUGMxlGpirg-unsplash_Add_sunset_to_the_top.jpg,Absolute Direction
3567115306_5b8b1c3eff_w.jpg,change the cat on the left to a tiger,Photo of the a tiger,https://www.flickr.com/photos/dcoetzee/3567115306/in/photostream/,3567115306_5b8b1c3eff_w_change_the_cat_on_the_left_to_a_tiger.jpg,Absolute Direction
3567115306_5b8b1c3eff_w.jpg,change the cat on the right to a tiger,Photo of the a tiger,https://www.flickr.com/photos/dcoetzee/3567115306/in/photostream/,3567115306_5b8b1c3eff_w_change_the_cat_on_the_right_to_a_tiger.jpg,Absolute Direction
aleksandra-dementeva-P7daPADLwRg-unsplash.jpg,Turn the frame above the vase into a colorful portrait,Photo of a colorful portrait,https://unsplash.com/photos/a-dining-area-decorated-with-minimalist-art-P7daPADLwRg,aleksandra-dementeva-P7daPADLwRg-unsplash_Turn_the_frame_above_the_vase_into_a_colorful_portrait.jpg,Relative Direction
aleksandra-dementeva-rrikzftfC3w-unsplash.jpg,Turn the books stack on the right of the flower vase into a cake,Photo of a cake,https://unsplash.com/photos/modern-bedroom-with-artwork-and-shelving-unit-rrikzftfC3w,aleksandra-dementeva-rrikzftfC3w-unsplash_Turn_the_books_stack_on_the_right_of_the_flower_vase_into_a_cake.jpg,Relative Direction
aleksandra-dementeva-Vm07vlKDpGE-unsplash.jpg,Change the chair on the right of the table to a black leather chair,Photo of a black leather chair,https://unsplash.com/photos/modern-kitchen-with-dining-area-and-green-chairs-Vm07vlKDpGE,aleksandra-dementeva-Vm07vlKDpGE-unsplash_Change_the_chair_on_the_right_of_the_table_to_a_black_leather_chair.jpg,Neutral
aleksandra-dementeva-Vm07vlKDpGE-unsplash.jpg,Change the green vase to a white vase,Photo of a white vase,https://unsplash.com/photos/modern-kitchen-with-dining-area-and-green-chairs-Vm07vlKDpGE,aleksandra-dementeva-Vm07vlKDpGE-unsplash_Change_the_green_vase_to_a_white_vase.jpg,Relative Direction
alena-torgonskaya-S3j-e4s7oAA-unsplash.jpg,Change the pastry on the left to a donut,Photo of a donut,https://unsplash.com/photos/a-table-set-for-a-formal-dinner-with-a-bottle-of-wine-S3j-e4s7oAA,alena-torgonskaya-S3j-e4s7oAA-unsplash_Change_the_pastry_on_the_left_to_a_donut.jpg,Absolute Direction
alexander-lunyov-_62Cd1FLsXs-unsplash.jpg,Convert the pumpkin on the top into a watermelon,Photo of a watermelon,https://unsplash.com/photos/three-pumpkins-sit-on-outdoor-stone-steps-_62Cd1FLsXs,alexander-lunyov-_62Cd1FLsXs-unsplash_Convert_the_pumpkin_on_the_top_into_a_watermelon.jpg,Absolute Direction
alexander-mass-w_C2VDJeGIc-unsplash.jpg,make him red hair,Photo of a red hair,https://unsplash.com/photos/man-and-woman-kissing-on-forest-during-daytime-jTyy7Ad1F28,alexander-mass-w_C2VDJeGIc-unsplash_make_him_red_hair.jpg,Pronoun
alex-azabache-VJ8lDThoDVQ-unsplash.jpg,Add a bench to the right side of the boy,Photo of a bench,https://unsplash.com/photos/man-on-skatebiard-VJ8lDThoDVQ,alex-azabache-VJ8lDThoDVQ-unsplash_Add_a_bench_to_the_right_side_of_the_boy.jpg,Relative Direction
alex-batonisashvili-BRvTj_AqSXA-unsplash.jpg,add a helicopter above the tower,Photo of a helicopter,https://unsplash.com/photos/gothic-cathedral-spire-against-a-clear-blue-sky-BRvTj_AqSXA,alex-batonisashvili-BRvTj_AqSXA-unsplash_add_a_helicopter_above_the_tower.jpg,Relative Direction
alex-tyson-5Vjg736yHrY-unsplash.jpg,Color the stool on the left to red,Photo of a red stool,https://unsplash.com/id/foto/ruang-tamu-yang-dipenuhi-dengan-furnitur-dan-dapur-5Vjg736yHrY,alex-tyson-5Vjg736yHrY-unsplash_Color_the_stool_on_the_left_to_red.jpg,Absolute Direction
alex-tyson-bfpxfdGoaqE-unsplash.jpg,Make the bowl on the top of the red bowl yellow,Photo of a yellow bowl,https://unsplash.com/photos/a-kitchen-with-white-cabinets-and-a-stove-bfpxfdGoaqE,alex-tyson-bfpxfdGoaqE-unsplash_Make_the_bowl_on_the_top_of_the_red_bowl_yellow.jpg,Relative Direction
alex-tyson-BHhw4NEnMAM-unsplash.jpg,The spoon on the right is made of green ceramic,Photo of a green ceramic spoon,https://unsplash.com/photos/a-table-with-a-bowl-of-fruit-and-a-cup-of-coffee-BHhw4NEnMAM,alex-tyson-BHhw4NEnMAM-unsplash_The_spoon_on_the_right_is_made_of_green_ceramic.jpg,Absolute Direction
alex-tyson-BkA4aYpnCFw-unsplash.jpg,Convert the potted plant on the top of the washing machine into a deer head mount.,Photo of a deer head mount,https://unsplash.com/photos/a-bathroom-with-a-washer-and-dryer-in-it-BkA4aYpnCFw,alex-tyson-BkA4aYpnCFw-unsplash_Convert_the_potted_plant_on_the_top_of_the_washing_machine_into_a_deer_head_mount.jpg,Relative Direction
alex-tyson-cJjLch4pUAs-unsplash.jpg,Color the flower on top of the candle yellow,Photo of a yellow flower,https://unsplash.com/photos/a-kitchen-with-white-cabinets-and-black-counter-tops-cJjLch4pUAs,alex-tyson-cJjLch4pUAs-unsplash_Color_the_flower_on_top_of_the_candle_yellow.jpg,Relative Direction
alex-tyson-E2Yw8mkynU4-unsplash.jpg,Turn the orange on the right into a red apple,Photo of a red apple,https://unsplash.com/photos/a-kitchen-with-white-cabinets-and-blue-walls-E2Yw8mkynU4,alex-tyson-E2Yw8mkynU4-unsplash_Turn_the_orange_on_the_right_into_a_red_apple.jpg,Absolute Direction
alex-tyson-gDeRYh2CKXA-unsplash.jpg,Make the pillow to the right of the bed orange,Photo of a orange pillow,https://unsplash.com/id/foto/kamar-tidur-dengan-tempat-tidur-besar-dan-jendela-gDeRYh2CKXA,alex-tyson-gDeRYh2CKXA-unsplash_Make_the_pillow_to_the_right_of_the_bed_orange.jpg,Relative Direction
alex-tyson-GqNj2imS-TM-unsplash.jpg,Convert the potted plant on the right into a cactus,Photo of a cactus,https://unsplash.com/photos/a-kitchen-with-a-wooden-table-and-a-microwave-GqNj2imS-TM,alex-tyson-GqNj2imS-TM-unsplash_Convert_the_potted_plant_on_the_right_into_a_cactus.jpg,Absolute Direction
alex-tyson-hkpPTuHPUPg-unsplash.jpg,Convert the potted plant on the top side of the bed into a lamp.,Photo of a lamp,https://unsplash.com/photos/a-bed-with-white-sheets-and-pillows-in-a-room-hkpPTuHPUPg,alex-tyson-hkpPTuHPUPg-unsplash_Add_a_dog_on_the_bottom_of_the_pillows.jpg,Relative Direction
alex-tyson-hkpPTuHPUPg-unsplash.jpg,Add a dog on the bottom of the pillows,Photo of a dog,https://unsplash.com/photos/a-bed-with-white-sheets-and-pillows-in-a-room-hkpPTuHPUPg,alex-tyson-hkpPTuHPUPg-unsplash_Convert_the_potted_plant_on_the_top_side_of_the_bed_into_a_lamp.jpg,Relative Direction
alex-tyson-krUIiXGFt1M-unsplash.jpg,Add a pair of shoes to the left of the chairs.,Photo of a pair of shoes,https://unsplash.com/photos/a-kitchen-with-a-table-and-chairs-next-to-a-window-krUIiXGFt1M,alex-tyson-krUIiXGFt1M-unsplash_Add_a_pair_of_shoes_to_the_left_of_the_chairs.jpg,Relative Direction
alex-tyson-NqLjnjwKqKA-unsplash.jpg,Turn the glass table on the right into a wooden table,Photo of a wooden table,https://unsplash.com/photos/a-living-room-filled-with-furniture-and-a-flat-screen-tv-NqLjnjwKqKA,alex-tyson-NqLjnjwKqKA-unsplash_Turn_the_glass_table_on_the_left_into_a_wooden_table.jpg,Absolute Direction
alex-tyson-NqLjnjwKqKA-unsplash.jpg,Turn the glass table on the left into a wooden table,Photo of a wooden table,https://unsplash.com/photos/a-living-room-filled-with-furniture-and-a-flat-screen-tv-NqLjnjwKqKA,alex-tyson-NqLjnjwKqKA-unsplash_Turn_the_glass_table_on_the_right_into_a_wooden_table.jpg,Absolute Direction
alex-tyson-ReQRcmSoKfQ-unsplash.jpg,Convert the plant above the faucet into a snake.,Photo of a snake,https://unsplash.com/photos/a-kitchen-with-white-cabinets-and-a-dishwasher-ReQRcmSoKfQ,alex-tyson-ReQRcmSoKfQ-unsplash_Convert_the_plant_above_the_faucet_into_a_snake.jpg,Relative Direction
alex-tyson-sl_2T-V5nvA-unsplash.jpg,Turn the black chairs into white chairs,Photo of white chairs,https://unsplash.com/photos/a-dining-room-table-with-chairs-and-a-vase-of-flowers-sl_2T-V5nvA,alex-tyson-sl_2T-V5nvA-unsplash_Turn_the_black_chairs_into_white_chairs.jpg,Neutral
alex-tyson-sl_2T-V5nvA-unsplash.jpg,Turn the vase on the top of the table into an hourglass,Photo of an hourglass,https://unsplash.com/photos/a-dining-room-table-with-chairs-and-a-vase-of-flowers-sl_2T-V5nvA,alex-tyson-sl_2T-V5nvA-unsplash_Turn_the_vase_on_the_top_of_the_table_into_an_hourglass.jpg,Relative Direction
alex-tyson-w6BHAit4zWI-unsplash.jpg,Remove the basket under the stairs,Photo of a clean wall,https://unsplash.com/id/foto/ruang-tamu-yang-dipenuhi-dengan-furnitur-dan-perapian-w6BHAit4zWI,alex-tyson-w6BHAit4zWI-unsplash_Remove_the_basket_under_the_stairs.jpg,Relative Direction
amir-hossein-bakhtiari-jfysfD4PpFk-unsplash.jpg,Give them eyeglasses.,Photo of them with eyeglasses,https://unsplash.com/ja/%E5%86%99%E7%9C%9F/%E6%9E%95%E3%81%AE%E4%B8%8A%E3%81%AB%E5%BA%A7%E3%82%8B%E5%AD%90%E7%8C%AB%E3%81%AE%E7%BE%A4%E3%82%8C-jfysfD4PpFk,amir-hossein-bakhtiari-jfysfD4PpFk-unsplash_Give_them_eyeglasses.jpg,Pronoun
amr-taha-0Bzhjozu6jQ-unsplash.jpg,Turn the speaker on the right into a trash can,Photo of a trash can,https://unsplash.com/photos/a-desk-with-a-computer-and-speakers-on-it-0Bzhjozu6jQ,amr-taha-0Bzhjozu6jQ-unsplash_Paint_the_speaker_on_the_left_orange.jpg,Absolute Direction
amr-taha-0Bzhjozu6jQ-unsplash.jpg,Paint the speaker on the left orange.,Photo of an orange speaker,https://unsplash.com/photos/a-desk-with-a-computer-and-speakers-on-it-0Bzhjozu6jQ,amr-taha-0Bzhjozu6jQ-unsplash_Turn_the_speaker_on_the_right_into_a_trash_can.jpg,Absolute Direction
ana-curcan-aq5WMEeF96c-unsplash.jpg,Paint the butterfly on the right into blue,Photo of a blue butterfly,https://unsplash.com/photos/a-butterfly-sitting-on-top-of-an-orange-slice-aq5WMEeF96c,ana-curcan-aq5WMEeF96c-unsplash_Paint_the_butterfly_on_the_right_into_blue.jpg,Absolute Direction
andrea-stuart-JlvQEmdEJsM-unsplash.jpg,Add a coffee cup to the left of the book.,Photo of a coffee cup,https://unsplash.com/photos/a-minimalist-desk-setup-with-coastal-decorations-JlvQEmdEJsM,andrea-stuart-JlvQEmdEJsM-unsplash_Add_a_coffee_cup_to_the_left_of_the_book.jpg,Relative Direction
andrew-peluso-cmzNcBE1ano-unsplash.jpg,make them wear green,Photo of them wear green,https://unsplash.com/photos/a-group-of-people-standing-on-top-of-a-rock-cmzNcBE1ano,andrew-peluso-cmzNcBE1ano-unsplash_make_them_wear_green.jpg,Pronoun
annie-spratt-nVw8006eWsw-unsplash.jpg,Turn the camera on the left of the candle into a harmonica,Photo of a harmonica,https://unsplash.com/photos/a-couple-of-shelves-that-have-some-pictures-on-them-nVw8006eWsw,annie-spratt-nVw8006eWsw-unsplash_make_the_cameras_on_the_bottom_shelf_out_of_gold.jpg,Absolute Direction
annie-spratt-nVw8006eWsw-unsplash.jpg,make the cameras on the bottom shelf out of gold,Photo of golden cameras,https://unsplash.com/photos/a-couple-of-shelves-that-have-some-pictures-on-them-nVw8006eWsw,annie-spratt-nVw8006eWsw-unsplash_Turn_the_camera_on_the_left_into_a_bowl.jpg,Absolute Direction
annie-spratt-nVw8006eWsw-unsplash.jpg,Turn the camera on the left into a bowl,Photo of a bowl,https://unsplash.com/photos/a-couple-of-shelves-that-have-some-pictures-on-them-nVw8006eWsw,annie-spratt-nVw8006eWsw-unsplash_Turn_the_camera_on_the_left_of_the_candle_into_a_harmonica.jpg,Relative Direction
annie-spratt-PcS2mgh_hUA-unsplash.jpg,Make the blue paintings green.,Photo of a green painting,https://unsplash.com/photos/brown-table-lamp-near-green-plants-PcS2mgh_hUA,annie-spratt-PcS2mgh_hUA-unsplash_Make_the_blue_paintings_green.jpg,Neutral
annie-spratt-PcS2mgh_hUA-unsplash.jpg,Remove the blue painting above the bag,Photo of a clean wall,https://unsplash.com/photos/brown-table-lamp-near-green-plants-PcS2mgh_hUA,annie-spratt-PcS2mgh_hUA-unsplash_Remove_the_blue_painting_above_the_bag.jpg,Relative Direction
austrian-national-library-r4v18AhK8gw-unsplash.jpg,remove the left ski pole,Photo of the empty space,https://unsplash.com/photos/greyscale-photography-of-woman-using-snowboard-r4v18AhK8gw,austrian-national-library-r4v18AhK8gw-unsplash_remove_the_left_ski_pole.jpg,Absolute Direction
avi-waxman-9T0vISZehUY-unsplash.jpg,make them black,Photo of the them in black color,https://unsplash.com/photos/brown-wooden-framed-yellow-padded-chair-9T0vISZehUY,avi-waxman-9T0vISZehUY-unsplash_make_them_black.jpg,Pronoun
barcs-tamas-sm8_jxQ5HbM-unsplash.jpg,make them gray,Photo of them in gray color,https://unsplash.com/photos/two-white-polar-bears-sitting-in-the-snow-sm8_jxQ5HbM,barcs-tamas-sm8_jxQ5HbM-unsplash_make_them_gray.jpg,Pronoun
blake-wisz-urnQ0fO7hZo-unsplash.jpg,make him wear red,Photo of him,https://unsplash.com/photos/woman-in-black-crew-neck-t-shirt-and-blue-denim-shorts-standing-beside-woman-in-white-urnQ0fO7hZo,blake-wisz-urnQ0fO7hZo-unsplash_make_him_wear_red.jpg,Pronoun
bonnie-kittle-GiIZSko7Guk-unsplash.jpg,Color the curtain on the left pink,Photo of pink curtain,https://unsplash.com/photos/woman-using-computer-sitting-on-black-chair-GiIZSko7Guk,bonnie-kittle-GiIZSko7Guk-unsplash_Color_the_curtain_on_the_left_pink.jpg,Absolute Direction
bonnie-kittle-GiIZSko7Guk-unsplash.jpg,Color the curtain on the right pink,Photo of pink curtain,https://unsplash.com/photos/woman-using-computer-sitting-on-black-chair-GiIZSko7Guk,bonnie-kittle-GiIZSko7Guk-unsplash_Color_the_curtain_on_the_right_pink.jpg,Relative Direction
brooke-balentine-fhnfH6C8gGo-unsplash.jpg,Give him a coat,Photo of him with coat,https://unsplash.com/photos/happy-family-with-two-young-children-posing-together-fhnfH6C8gGo,brooke-balentine-fhnfH6C8gGo-unsplash_Give_him_a_coat.jpg,Pronoun
brooke-lark-AdMHAf_cdns-unsplash.jpg,Make the plate on the top blue,Photo of a blue plate,https://unsplash.com/photos/three-assorted-cameras-near-fruits-and-ceramic-figurines-AdMHAf_cdns,brooke-lark-AdMHAf_cdns-unsplash_Change_the_camera_on_the_top_to_a_black_teddy_bear.jpg,Absolute Direction
brooke-lark-AdMHAf_cdns-unsplash.jpg,Change the camera on the top to a black teddy bear,Photo of a black teddy bear,https://unsplash.com/photos/three-assorted-cameras-near-fruits-and-ceramic-figurines-AdMHAf_cdns,brooke-lark-AdMHAf_cdns-unsplash_Make_the_plate_on_the_top_blue.jpg,Absolute Direction
bruce-warrington-WSAOGHKEqFc-unsplash.jpg,turn them into cats,Photo of cats,https://unsplash.com/photos/shallow-focus-photo-of-dogs-on-tree-log-WSAOGHKEqFc,bruce-warrington-WSAOGHKEqFc-unsplash_turn_them_into_cats.jpg,Pronoun
bry-sparkman-LNZcsFkRfJM-unsplash.jpg,Change the white balloon to a red balloon,Photo of a red balloon,Photo Bry Sparkman by on Unsplash or (https://www.pinterest.com/pin/566890671867161443/),bry-sparkman-LNZcsFkRfJM-unsplash_Change_the_balloon_on_the_top_to_a_white_balloon.jpg,Absolute Direction
bry-sparkman-LNZcsFkRfJM-unsplash.jpg,Change the balloon on the top to a white balloon,Photo of a white balloon,Photo Bry Sparkman by on Unsplash or (https://www.pinterest.com/pin/566890671867161443/),bry-sparkman-LNZcsFkRfJM-unsplash_Change_the_white_balloon_to_a_red_balloon.jpg,Neutral
cairn-2806850_640-pixabay.com.jpg,convert the stone on the left of the bird to autumn leaves,Photo of autumn leaves,https://pixabay.com/photos/cairn-stones-stone-on-stone-hike-2806850/,cairn-2806850_640-pixabay.com_convert_the_stone_on_the_left_of_the_bird_to_autumn_leaves.jpg,Relative Direction
cairn-7428729_64-pixabay.com.jpg,add a lamp on the top of the cairn stones,Photo of a lamp,https://pixabay.com/photos/cairn-rock-cairn-stone-cairn-7428729/,cairn-7428729_64-pixabay.com_add_a_lamp_on_the_top_of_the_cairn_stones.jpg,Relative Direction
caroline-badran-pXYiB9OIgp0-unsplash.jpg,Color the chair on the left of the sofa red,Photo of a red chair,https://unsplash.com/photos/modern-kitchen-and-dining-area-with-person-walking-9Bh5YYZMGv0,caroline-badran-pXYiB9OIgp0-unsplash_Color_the_chair_on_the_left_of_the_sofa_red.jpg,Relative Direction
celine-chamiot-poncet--W5lbMU5Dak-unsplash.jpg,make them pandas,Photo of pandas,https://unsplash.com/photos/brown-bear-on-gray-rock--W5lbMU5Dak,celine-chamiot-poncet--W5lbMU5Dak-unsplash_make_them_pandas.jpg,Pronoun
cholong-choi-bTS7qQpoPGo-unsplash.jpg,Color the bottle on the left to blue,Photo of a blue bottle,https://unsplash.com/photos/bottles-on-newspaper-bTS7qQpoPGo,cholong-choi-bTS7qQpoPGo-unsplash_Color_the_bottle_on_the_left_to_blue.jpg,Absolute Direction
choong-deng-xiang-WR98S28oRLM-unsplash.jpg,color the gem on the right side of the blue gem to red,Photo of a red gem,https://unsplash.com/photos/three-different-colored-diamonds-on-a-black-background-WR98S28oRLM,choong-deng-xiang-WR98S28oRLM-unsplash_color_the_gem_on_the_right_side_of_the_blue_gem_to_red.jpg,Relative Direction
christie-greene-6TX6kcEbOhU-unsplash.jpg,make them zebras,Photo of zebras,https://unsplash.com/photos/three-brown-horses-stand-in-a-grassy-field-6TX6kcEbOhU,christie-greene-6TX6kcEbOhU-unsplash_make_them_zebras.jpg,Pronoun
christophe-maertens-GzubV-g6q4Q-unsplash.jpg,Change the tree on the right to a big cactus,Photo of a big cactus,https://unsplash.com/de/fotos/mann-zu-fuss-auf-der-strasse-zwischen-felsformationsbergen-GzubV-g6q4Q,christophe-maertens-GzubV-g6q4Q-unsplash_Change_the_tree_on_the_right_to_a_big_cactus.jpg,Absolute Direction
cinematic-imagery-hFRK_XcfcRY-unsplash.jpg,Change the knife on the left to a silver knife,Photo of a silver knife,https://unsplash.com/photos/a-place-setting-with-silverware-and-place-cards-hFRK_XcfcRY,cinematic-imagery-hFRK_XcfcRY-unsplash_Change_the_knife_on_the_left_to_a_silver_knife.jpg,Absolute Direction
cinematic-imagery-hFRK_XcfcRY-unsplash.jpg,Swap the knife on the right for a fountain pen.,Photo of a fountain pen,https://unsplash.com/photos/a-place-setting-with-silverware-and-place-cards-hFRK_XcfcRY,cinematic-imagery-hFRK_XcfcRY-unsplash_Swap_the_knife_on_the_right_for_a_fountain_pen.jpg,Absolute Direction
clay-banks-_TuOhqIDwc8-unsplash.jpg,make the sofa on the right red,Photo of a red sofa,https://unsplash.com/photos/a-living-room-filled-with-furniture-and-a-fire-place-_TuOhqIDwc8,clay-banks-_TuOhqIDwc8-unsplash_make_the_sofa_on_the_right_red.jpg,Absolute Direction
clay-banks-nTqR3B3dp-Q-unsplash.jpg,Make the countertop on the right out of wood,Photo of a wooden countertop,https://unsplash.com/photos/bright-modern-kitchen-with-white-cabinets-and-stainless-steel-appliances-nTqR3B3dp-Q,clay-banks-nTqR3B3dp-Q-unsplash_Make_the_countertop_on_the_right_out_of_wood.jpg,Absolute Direction
clay-banks-Ph2AIj8vOwo-unsplash.jpg,Replace the bed on the left with a floral bed,Photo of a floral bed,https://unsplash.com/photos/two-beds-in-a-rustic-bedroom-with-windows-Ph2AIj8vOwo,clay-banks-Ph2AIj8vOwo-unsplash_Replace_the_bed_on_the_left_with_a_floral_bed.jpg,Absolute Direction
clay-banks-VGgmG8Se47M-unsplash.jpg,Replace the vase on the bottom of the shelf with a red ball,Photo of a red ball,https://unsplash.com/photos/cozy-bedroom-with-armchair-shelving-and-beds-VGgmG8Se47M,clay-banks-VGgmG8Se47M-unsplash_Replace_the_vase_on_the_bottom_of_the_shelf_with_a_red_ball.jpg,Relative Direction
colins-chakma-HTEbX9bdrEU-unsplash.jpg,make them teddy bears,Photo of teddy bears,https://unsplash.com/photos/HTEbX9bdrEU,colins-chakma-HTEbX9bdrEU-unsplash_make_them_teddy_bears.jpg,Pronoun
dani-adkins-ipDy5CYMLLQ-unsplash.jpg,make them black,Photo of them in black color,https://unsplash.com/photos/a-couple-of-chickens-standing-next-to-each-other-ipDy5CYMLLQ,dani-adkins-ipDy5CYMLLQ-unsplash_make_them_black.jpg,Pronoun
daniel-eriksson-jxHAt3eHUX4-unsplash.jpg,Give him a long beard.,Photo of him with beard,https://unsplash.com/photos/a-man-and-woman-holding-a-baby-jxHAt3eHUX4,daniel-eriksson-jxHAt3eHUX4-unsplash_Give_him_a_long_beard.jpg,Pronoun
daniel-olah-qG_YrnZq0A8-unsplash.jpg,Add an airplane on the left of the tree,Photo of an airplane,https://unsplash.com/photos/tree-and-dirt-road-at-golden-hour-qG_YrnZq0A8,daniel-olah-qG_YrnZq0A8-unsplash_Add_an_airplane_on_the_left_of_the_tree.jpg,Relative Direction
david-veksler-7dkzfd4yors-unsplash.jpg,Make her blonde.,Photo of blonde her,https://unsplash.com/photos/woman-in-black-long-sleeve-shirt-sitting-beside-woman-in-black-long-sleeve-shirt-7dkzfd4yors,david-veksler-7dkzfd4yors-unsplash_Make_her_blonde.jpg,Pronoun
debby-hudson-tV_71satThU-unsplash.jpg,Place a lemon on the right side of the cutting board.,Photo of a lemon,https://unsplash.com/photos/yellow-pasta-on-brown-wooden-chopping-board-tV_71satThU,debby-hudson-tV_71satThU-unsplash_Place_a_lemon_on_the_right_side_of_the_cutting_board.jpg,Relative Direction
denisa-zamfir-08gr7hEhk1U-unsplash.jpg,Change the apple on the right to a rose,Photo of a rose,https://unsplash.com/it/foto/torta-rotonda-marrone-e-bianca-su-tessuto-nero-08gr7hEhk1U,denisa-zamfir-08gr7hEhk1U-unsplash_Change_the_apple_on_the_bottom_to_a_peach.jpg,Absolute Direction
denisa-zamfir-08gr7hEhk1U-unsplash.jpg,Change the apple on the bottom to a peach,Photo of a peach,https://unsplash.com/it/foto/torta-rotonda-marrone-e-bianca-su-tessuto-nero-08gr7hEhk1U,denisa-zamfir-08gr7hEhk1U-unsplash_Change_the_apple_on_the_right_to_a_rose.jpg,Absolute Direction
dennis-yu-EQ_DW72NkYU-unsplash.jpg,Turn them into lizards,Photo of lizards,https://unsplash.com/photos/a-group-of-people-climbing-up-the-side-of-a-mountain-EQ_DW72NkYU,dennis-yu-EQ_DW72NkYU-unsplash_Turn_them_into_lizards.jpg,Pronoun
denys-striyeshyn-wJ7yGwz2-00-unsplash.jpg,Put a potted plant on the right side of the lamp,Photo of a potted plant,https://unsplash.com/photos/brown-wooden-table-and-chairs-wJ7yGwz2-00,denys-striyeshyn-wJ7yGwz2-00-unsplash_Put_a_potted_plant_on_the_right_side_of_the_lamp.jpg,Relative Direction
digital-reach-PZRbaRHk2RI-unsplash.jpg,make her clothes red,Photo of her with red clothes,https://unsplash.com/de/fotos/cowboys-und-cowgirls-auf-pferden-bei-einem-rodeo-event-PZRbaRHk2RI,digital-reach-PZRbaRHk2RI-unsplash_make_her_clothes_red.jpg,Pronoun
doan-anh-nNYbVCS-YQ8-unsplash.jpg,Replace the painting on the right with a mirror.,Photo of a mirror,https://unsplash.com/photos/brown-lioness-on-brown-rock-during-daytime-NWwv0ETyzxc,doan-anh-nNYbVCS-YQ8-unsplash_Replace_the_painting_on_the_right_with_a_mirror.jpg,Absolute Direction
ecemwashere-TWr4iGjTlas-unsplash.jpg,Convert the stool at the left side of Choplin to a metal stool,Photo of a metal stool,https://unsplash.com/photos/grayscale-photo-of-man-in-black-jacket-sitting-on-chair-TWr4iGjTlas,ecemwashere-TWr4iGjTlas-unsplash_Convert_the_stool_at_the_left_side_of_Choplin_to_a_metal_stool.jpg,Relative Direction
fabio-romano-FEFmNimTwPo-unsplash.jpg,Swap the bikes beneath the lamp post for a motorcycle.,Photo of a motorcycle,https://unsplash.com/id/foto/seorang-pria-mengendarai-sepeda-di-jalan-di-sebelah-gedung-gedung-tinggi-FEFmNimTwPo,fabio-romano-FEFmNimTwPo-unsplash_Swap_the_bikes_beneath_the_lamp_post_for_a_motorcycle.jpg,Relative Direction
fabrice-villard-Du41jIaI5Ww-unsplash.jpg,add a dark cottage on the left side of the tree,Photo of a dark cottage,https://unsplash.com/photos/withered-tree-surrounded-with-snow-during-daytime-Du41jIaI5Ww,fabrice-villard-Du41jIaI5Ww-unsplash_add_a_dark_cottage_on_the_left_side_of_the_tree.jpg,Relative Direction
fineas-anton-sWUc_75LaMo-unsplash.jpg,Turn the potted plants on the left of the brick wall into pumpkins.,Photo of pumpkins,https://unsplash.com/photos/white-and-brown-wooden-house-beside-picnic-table-with-green-leaf-plants-sWUc_75LaMo,fineas-anton-sWUc_75LaMo-unsplash_Turn_the_potted_plants_on_the_left_of_the_brick_wall_into_pumpkins.jpg,Relative Direction
florian-muller-o1hsA6Valfo-unsplash.jpg,Place a rhinoceros to the bottom of the nest,Photo of a rhinoceros,https://unsplash.com/photos/a-lonely-tree-stands-in-a-dry-field-o1hsA6Valfo,florian-muller-o1hsA6Valfo-unsplash_Place_a_rhinoceros_to_the_bottom_of_the_nest.jpg,Relative Direction
florin-beudean-gGG7NHbzeGg-unsplash.jpg,turn them into 3 deer,Photo of 3 deer,https://unsplash.com/photos/three-brown-and-black-horses-running-in-open-green-field-at-daytime-gGG7NHbzeGg,florin-beudean-gGG7NHbzeGg-unsplash_turn_them_into_3_deer.jpg,Pronoun
flyd-QGEk0C6ZDhM-unsplash.jpg,paint the top pumpkin pink,Photo of pink pumpkin,https://unsplash.com/fr/photos/un-couple-de-citrouilles-assis-sur-une-table-QGEk0C6ZDhM,flyd-QGEk0C6ZDhM-unsplash_paint_the_top_pumpkin_pink.jpg,Absolute Direction
francesco-la-corte-VZzDj4Z-4EI-unsplash.jpg,Fill the plate on the top to with soup.,Photo of a soup plate,https://unsplash.com/photos/a-wooden-table-topped-with-plates-and-bowls-of-food-VZzDj4Z-4EI,francesco-la-corte-VZzDj4Z-4EI-unsplash_Fill_the_plate_on_the_top_to_with_soup.jpg,Absolute Direction
frances-gunn-uPiLbyLBlko-unsplash.jpg,Put boots on the person on the left,Photo of a preson with boots,https://unsplash.com/photos/two-women-walking-in-front-of-trees-uPiLbyLBlko,frances-gunn-uPiLbyLBlko-unsplash_Put_boots_on_the_person_on_the_left.jpg,Absolute Direction
gary-bendig-WPmPsdX2ySw-unsplash.jpg,convert them into storks,Photo of storks,https://unsplash.com/photos/gray-and-black-mallard-ducks-flying-during-day-time-WPmPsdX2ySw,gary-bendig-WPmPsdX2ySw-unsplash_convert_them_into_storks.jpg,Pronoun
gavin-wilson-Qht73AXa25I-unsplash.jpg,Add a bicycle to the right of the car.,Photo of a bicycle,https://unsplash.com/photos/white-sports-car-parked-in-a-modern-courtyard-Qht73AXa25I,gavin-wilson-Qht73AXa25I-unsplash_Add_a_bicycle_to_the_right_of_the_car.jpg,Relative Direction
girl-with-red-hat-oJG9HOVKGMs-unsplash.jpg,make them black,Photo of them in black color,https://unsplash.com/photos/pink-and-blue-pen-on-white-table-oJG9HOVKGMs,girl-with-red-hat-oJG9HOVKGMs-unsplash_make_them_black.jpg,Pronoun
godz1-dVv6m-vr7YY-unsplash.jpg,make him a black man,Photo of a black man,https://unsplash.com/ko/%EC%82%AC%EC%A7%84/%EB%91%90-%EC%82%AC%EB%9E%8C%EC%9D%B4-%EB%82%98%EB%9E%80%ED%9E%88-%EC%84%9C-%EC%9E%88%EC%8A%B5%EB%8B%88%EB%8B%A4-dVv6m-vr7YY,godz1-dVv6m-vr7YY-unsplash_make_him_a_black_man.jpg,Pronoun
harrison-lin-y2BUSMogBUU-unsplash.jpg,Convert the left buildings into cottages,Photo of cottages,https://unsplash.com/photos/a-roller-coaster-in-the-middle-of-a-city-y2BUSMogBUU,harrison-lin-y2BUSMogBUU-unsplash_Convert_the_left_buildings_into_cottages.jpg,Absolute Direction
helena-lopes-e3OUQGT9bWU-unsplash.jpg,Color her shirt red,Photo of her with red shirt,https://unsplash.com/photos/three-men-and-one-woman-laughing-during-daytime-e3OUQGT9bWU,helena-lopes-e3OUQGT9bWU-unsplash_Color_her_shirt_red.jpg,Pronoun
helena-lopes-UZe35tk5UoA-unsplash.jpg,Give her a tattoo.,Photo of her with tattoo,https://unsplash.com/photos/photo-of-three-person-sitting-and-talking-UZe35tk5UoA,helena-lopes-UZe35tk5UoA-unsplash_Give_her_a_tattoo.jpg,Pronoun
ivan-sabayuki-mN7z9oHpNDk-unsplash.jpg,make them zebras,Photo of zebras,https://unsplash.com/photos/a-group-of-deer-in-a-field-mN7z9oHpNDk,ivan-sabayuki-mN7z9oHpNDk-unsplash_make_them_zebras.jpg,Pronoun
jagjeet-dhuna-EV6wI7cTE1U-unsplash.jpg,color them yellow,Photo of them in yellow color,https://unsplash.com/photos/a-sheep-standing-in-a-field-next-to-a-fence-EV6wI7cTE1U,jagjeet-dhuna-EV6wI7cTE1U-unsplash_color_them_yellow.jpg,Pronoun
jann-and-sTOo88hWnbQ-unsplash.jpg,Replace the plants on the left side of the bicycle with neon green plants,Photo of red neon green plants,https://unsplash.com/id/foto/sebuah-sepeda-diparkir-di-depan-sebuah-gedung-hitam-sTOo88hWnbQ,jann-and-sTOo88hWnbQ-unsplash_Replace_the_plants_on_the_left_side_of_the_bicycle_with_neon_green_plants.jpg,Relative Direction
jaroslaw-slodkiewicz-SDIIfq6nhFU-unsplash.jpg,Convert them into statues,Photo of statues,https://unsplash.com/photos/brown-and-white-guinea-pig-on-pink-textile-SDIIfq6nhFU,jaroslaw-slodkiewicz-SDIIfq6nhFU-unsplash_Convert_them_into_statues.jpg,Pronoun
jason-briscoe-7MAjXGUmaPw-unsplash.jpg,add a parrot on the top of the silver pot,Photo of a parrot,https://unsplash.com/photos/woman-cooking-inside-kitchen-room-7MAjXGUmaPw,jason-briscoe-7MAjXGUmaPw-unsplash_add_a_parrot_on_the_top_of_the_silver_pot.jpg,Relative Direction
javier-trueba-iQPr1XkF5F0-unsplash.jpg,Make the dress of the girl to the left of the standing girl red.,Photo of a girl with red dress,https://unsplash.com/photos/woman-carrying-white-and-green-textbook-iQPr1XkF5F0,javier-trueba-iQPr1XkF5F0-unsplash_Make_the_dress_of_the_girl_to_the_left_of_the_standing_girl_red.jpg,Relative Direction
jetts-thanatip-jvv2e1NJc9s-unsplash.jpg,color the pillow on the right side green,Photo of a green pillow,https://unsplash.com/photos/a-couch-with-orange-pillows-sits-by-a-window-jvv2e1NJc9s,jetts-thanatip-jvv2e1NJc9s-unsplash_color_the_pillow_on_the_right_side_green.jpg,Absolute Direction
jiawei-zhao-GgeaiV4dLk0-unsplash.jpg,Make the upper fan a silver plate,Photo of a silver plate,https://unsplash.com/photos/white-wooden-shelf-with-books-and-decors-GgeaiV4dLk0,jiawei-zhao-GgeaiV4dLk0-unsplash_Make_the_upper_fan_a_silver_plate.jpg,Absolute Direction
joel-frank-dbrpgZarm1w-unsplash.jpg,Give her a hat,Photo of her with hat,https://unsplash.com/photos/a-group-of-people-posing-for-a-picture-in-a-field-dbrpgZarm1w,joel-frank-dbrpgZarm1w-unsplash_Give_her_a_hat.jpg,Pronoun
jonathan-borba-xOBJ6viupsA-unsplash.jpg,make her clothes pink,Photo of her with clothes pink,https://unsplash.com/de/fotos/ein-mann-und-zwei-kinder-sind-in-der-kuche-xOBJ6viupsA,jonathan-borba-xOBJ6viupsA-unsplash_make_her_clothes_pink.jpg,Pronoun
julee-juu-0tG0Jb8syI0-unsplash.jpg,wear him blue clothes,Photo of him with blue clothes,"https://www.google.com/search?vsrid=CK-Q-f6B1vfY1gEQAhgBIiRlOTRlNzMxZC04OWRiLTQzYmEtODJjMy1mYWVjMWY5MmQ2MDIyBiICZGgoHzjyy-XjqsCRAw&vsint=CAIqDAoCCAcSAggKGAEgATojChYNAAAAPxUAAAA_HQAAgD8lAACAPzABEIAFGKAGJQAAgD8&udm=26&lns_mode=un&source=lns.web.gsbubb&vsdim=640,800&gsessionid=cPQqy77NFFCb6OlGq6hsnn8liTymaIW49RkVTd4-8wRfYDf5Vu6IFw&lsessionid=9VhR1HhG9mM4V8Gm95ATNX-kVz-PXzlMIfb-8bgd7HKM8rG-KxHehw&lns_surface=26&authuser=0&lns_vfs=e&qsubts=1765827158662&biw=946&bih=730&hl=en-AT",julee-juu-0tG0Jb8syI0-unsplash_wear_him_blue_clothes.jpg,Pronoun
kaden-taylor-RE2mHt6x4KA-unsplash.jpg,make her a witch,Photo of a witch,https://unsplash.com/de/fotos/vier-personen-beobachten-die-berge-von-einer-wiese-aus-RE2mHt6x4KA,kaden-taylor-RE2mHt6x4KA-unsplash_make_her_a_witch.jpg,Pronoun
kai-wei-HiVnFped9vE-unsplash.jpg,Make the window to the right of the wooden door blue.,Photo of a blue window,https://unsplash.com/photos/woman-beside-pedestrian-lane-HiVnFped9vE,kai-wei-HiVnFped9vE-unsplash_Make_the_window_to_the_right_of_the_wooden_door_blue.jpg,Relative Direction
kam-idris-Ot2iTXgC6fY-unsplash.jpg,Make the white cabinet on the top of the mixer striped,Photo of a striped cabinet,https://unsplash.com/photos/white-ceramic-mug-on-white-ceramic-saucer-on-white-wooden-cabinet-Ot2iTXgC6fY,kam-idris-Ot2iTXgC6fY-unsplash_Make_the_white_cabinet_on_the_top_of_the_mixer_striped.jpg,Relative Direction
katelyn-greer-lFgmWqxMVjs-unsplash.jpg,convert the bottom branch to a frozen branch,Photo of a frozen branch,https://unsplash.com/photos/a-group-of-birds-sitting-on-top-of-a-tree-branch-lFgmWqxMVjs,katelyn-greer-lFgmWqxMVjs-unsplash_convert_the_bottom_branch_to_a_frozen_branch.jpg,Absolute Direction
kateryna-hliznitsova-zKvV5yxVHfI-unsplash.jpg,add a beautiful butterfly on the top of the candle,Photo of a beautiful butterfly,https://unsplash.com/photos/a-little-girl-holding-a-plate-with-a-piece-of-food-on-it-zKvV5yxVHfI,kateryna-hliznitsova-zKvV5yxVHfI-unsplash_add_a_beautiful_butterfly_on_the_top_of_the_candle.jpg,Relative Direction
kouji-tsuru-_u98iuJy8DU-unsplash.jpg,Make the table on the top black.,Photo of a blue flower,https://unsplash.com/photos/a-table-with-a-vase-of-flowers-on-top-of-it-_u98iuJy8DU,kouji-tsuru-_u98iuJy8DU-unsplash_Make_the_table_on_the_top_black.jpg,Absolute Direction
kouji-tsuru-_u98iuJy8DU-unsplash.jpg,Paint the flower on the bottom blue,Photo of a blue flower,https://unsplash.com/photos/a-table-with-a-vase-of-flowers-on-top-of-it-_u98iuJy8DU,kouji-tsuru-_u98iuJy8DU-unsplash_Paint_the_flower_on_the_bottom_blue.jpg,Absolute Direction
kouji-tsuru-yWIg4MatCjE-unsplash.jpg,Turn the wicker basket on the bottom into a handbag,Photo of a handbag,https://unsplash.com/photos/cozy-cafe-interior-with-round-tables-and-benches-yWIg4MatCjE,kouji-tsuru-yWIg4MatCjE-unsplash_Turn_the_wicker_basket_on_the_bottom_into_a_handbag.jpg,Absolute Direction
land-o-lakes-inc-b4-ubEXfOBI-unsplash.jpg,Give her a necklace.,Photo of her with necklace,https://unsplash.com/photos/three-friends-talking-outdoors-on-a-sunny-day-b4-ubEXfOBI,land-o-lakes-inc-b4-ubEXfOBI-unsplash_Give_her_a_necklace.jpg,Pronoun
land-o-lakes-inc-D43JYb0yTKU-unsplash.jpg,Give her some tattoos.,Photo of her with tattoos,https://unsplash.com/photos/athletes-resting-on-a-track-after-training-D43JYb0yTKU,land-o-lakes-inc-D43JYb0yTKU-unsplash_Give_her_some_tattoos.jpg,Pronoun
land-o-lakes-inc-DJHq_RAw5bo-unsplash.jpg,change their clothes to yellow,Photo of yellow clothes,https://unsplash.com/photos/group-of-people-gathered-by-a-rustic-wooden-fence-DJHq_RAw5bo,land-o-lakes-inc-DJHq_RAw5bo-unsplash_change_their_clothes_to_yellow.jpg,Pronoun
land-o-lakes-inc-DWv3vEGKW1E-unsplash.jpg,Make them skeletons.,Photo of skeletons ,https://unsplash.com/photos/family-riding-in-a-utility-vehicle-through-a-field-DWv3vEGKW1E,land-o-lakes-inc-DWv3vEGKW1E-unsplash_Make_them_skeletons.jpg,Pronoun
land-o-lakes-inc-k71TQkbVIgI-unsplash.jpg,Paint her clothes red,Photo of her with clothes red ,https://unsplash.com/photos/children-riding-in-a-wagon-with-red-buckets-k71TQkbVIgI,land-o-lakes-inc-k71TQkbVIgI-unsplash_Paint_her_clothes_red.jpg,Pronoun
land-o-lakes-inc-p6wuN_3Wwqs-unsplash.jpg,Give him a black coat.,Photo of him with black coat ,https://unsplash.com/photos/family-posing-in-a-lush-garden-setting-p6wuN_3Wwqs,land-o-lakes-inc-p6wuN_3Wwqs-unsplash_Give_him_a_black_coat.jpg,Pronoun
land-o-lakes-inc-pazs-Hi5mf8-unsplash.jpg,Turn her into a robot.,Photo of a robot,https://unsplash.com/photos/grandfather-and-grandchildren-prepare-food-in-kitchen-pazs-Hi5mf8,land-o-lakes-inc-pazs-Hi5mf8-unsplash_Turn_her_into_a_robot.jpg,Pronoun
lashawn-dobbs-xTcS9bZLu_8-unsplash.jpg,Give her a green dress.,Photo of her with green dress,https://unsplash.com/photos/a-couple-of-kids-sitting-on-top-of-a-swing-xTcS9bZLu_8,lashawn-dobbs-xTcS9bZLu_8-unsplash_Give_her_a_green_dress.jpg,Pronoun
laura-chouette-zZxiEjCVpYM-unsplash.jpg,Turn the lemon on the top into a red orange,Photo of a red orange,https://unsplash.com/photos/a-book-with-sunglasses-and-lemons-on-a-bed-zZxiEjCVpYM,laura-chouette-zZxiEjCVpYM-unsplash_Make_the_lemon_to_the_right_of_the_glass_a_strawberry.jpg,Absolute Direction
laura-chouette-zZxiEjCVpYM-unsplash.jpg,Make the lemon to the right of the glass a strawberry,Photo of a strawberry,https://unsplash.com/photos/a-book-with-sunglasses-and-lemons-on-a-bed-zZxiEjCVpYM,laura-chouette-zZxiEjCVpYM-unsplash_Turn_the_lemon_on_the_top_into_a_red_orange.jpg,Relative Direction
lennart-nacke-owq9ZG_IgNc-unsplash.jpg,convert them to sofas,Photo of sofas,https://unsplash.com/photos/red-and-blue-wooden-armchairs-owq9ZG_IgNc,lennart-nacke-owq9ZG_IgNc-unsplash_convert_them_to_sofas.jpg,Pronoun
lisa-anna-_NEnWHoI3oA-unsplash.jpg,Remove the chair to the right of the black table.,Photo of an empty scene,https://unsplash.com/photos/a-living-room-filled-with-furniture-and-a-kitchen-_NEnWHoI3oA,lisa-anna-_NEnWHoI3oA-unsplash_Remove_the_chair_to_the_right_of_the_black_table.jpg,Relative Direction
lisa-anna-4yjhQXoLnuc-unsplash.jpg,add curtains to the window on the left,Photo of curtains and window,https://unsplash.com/id/foto/ruang-tamu-dengan-lantai-kayu-keras-dan-jendela-4yjhQXoLnuc,lisa-anna-4yjhQXoLnuc-unsplash_add_curtains_to_the_window_on_the_left.jpg,Absolute Direction
lisa-anna-bUtuQ9WlL3Y-unsplash.jpg,Replace the lamp on the left with a red lamp.,Photo of a red lamp,https://unsplash.com/photos/a-bedroom-with-a-bed-nightstands-and-a-window-bUtuQ9WlL3Y,lisa-anna-bUtuQ9WlL3Y-unsplash_Replace_the_lamp_on_the_left_with_a_red_lamp.jpg,Absolute Direction
lisa-anna-Ly5h5jQbSOk-unsplash.jpg,Color the glasses beneath the vase red,Photo of red glasses,https://unsplash.com/photos/a-kitchen-with-white-cabinets-and-a-sink-Ly5h5jQbSOk,lisa-anna-Ly5h5jQbSOk-unsplash_Color_the_glasses_beneath_the_vase_red.jpg,Relative Direction
lisa-anna-oAEzenkgpJY-unsplash.jpg,Make the curtain on the right red.,Photo of a red curtain,https://unsplash.com/de/fotos/ein-schlafzimmer-mit-einem-grossen-bett-und-einem-fenster-oAEzenkgpJY,lisa-anna-oAEzenkgpJY-unsplash_Make_the_curtain_on_the_right_red.jpg,Absolute Direction
lisa-anna-PdrreuRtuT0-unsplash.jpg,Change the chair on the left into a stool.,Photo of a stool,https://unsplash.com/photos/a-kitchen-with-a-bar-and-a-dining-area-PdrreuRtuT0,lisa-anna-PdrreuRtuT0-unsplash_Change_the_chair_on_the_left_into_a_stool.jpg,Absolute Direction
lisa-anna-rss0ikBeekU-unsplash.jpg,add a potted plant on the bottom of the stove,Photo of a potted plant,https://unsplash.com/de/fotos/eine-kuche-mit-einem-herd-und-einer-mikrowelle-rss0ikBeekU,lisa-anna-rss0ikBeekU-unsplash_add_a_potted_plant_on_the_bottom_of_the_stove.jpg,Relative Direction
lisa-anna-rxM3AifFgqY-unsplash.jpg,Add a piano to the right of the drawers.,Photo of a piano,https://unsplash.com/de/fotos/ein-leerer-raum-mit-holzboden-und-schwarzen-wanden-rxM3AifFgqY,lisa-anna-rxM3AifFgqY-unsplash_Add_a_piano_to_the_right_of_the_drawers.jpg,Relative Direction
lisa-anna-wXLn2A7RLOQ-unsplash.jpg,Replace the cabinet above the hood with a dish shelf.,Photo of a dish shelf,https://unsplash.com/id/foto/dapur-dengan-lemari-putih-dan-oven-kompor-wXLn2A7RLOQ,lisa-anna-wXLn2A7RLOQ-unsplash_Replace_the_cabinet_above_the_hood_with_a_dish_shelf.jpg,Relative Direction
lisa-anna-xOSwm-12QUc-unsplash.jpg,Add a cat under the mirror.,Photo of a cat,https://unsplash.com/ko/%EC%82%AC%EC%A7%84/%EC%9E%91%EC%9D%80-%EC%9A%95%EC%8B%A4%EC%97%90-%EC%84%B8%ED%83%81%EA%B8%B0%EC%99%80-%EA%B1%B4%EC%A1%B0%EA%B8%B0%EA%B0%80-%EC%9E%88%EC%8A%B5%EB%8B%88%EB%8B%A4-xOSwm-12QUc,lisa-anna-xOSwm-12QUc-unsplash_Add_a_cat_under_the_mirror.jpg,Relative Direction
lisa-anna-YInxT-ihpP0-unsplash.jpg,color the washing machine on the top blue,Photo of a blue washing machine,https://unsplash.com/photos/a-bathroom-with-a-washer-and-dryer-in-it-YInxT-ihpP0,lisa-anna-YInxT-ihpP0-unsplash_color_the_washing_machine_on_the_top_blue.jpg,Absolute Direction
logan-weaver-lgnwvr-DvKfoJKhG7U-unsplash.jpg,Make the bag on top of the wooden board a basket.,Photo of a basket,https://unsplash.com/id/foto/tas-2-arah-kulit-hitam-DvKfoJKhG7U,logan-weaver-lgnwvr-DvKfoJKhG7U-unsplash_Convert_the_bag_on_top_of_the_wooden_board_into_a_basket.jpg,Relative Direction
low-angle-DFv1FQN7ASo-unsplash.jpg,turn them into swans,Photo of swans,https://unsplash.com/photos/three-ducks-swim-on-a-calm-blue-lake-DFv1FQN7ASo,low-angle-DFv1FQN7ASo-unsplash_turn_them_into_swans.jpg,Pronoun
lucas-mendes-DutIW-MX7vM-unsplash.jpg,Fill the basket on the left with fruit,Photo of a fruit basket,https://unsplash.com/de/fotos/drei-braune-weidenkorbe-DutIW-MX7vM,lucas-mendes-DutIW-MX7vM-unsplash_Fill_the_basket_on_the_left_with_fruit.jpg,Absolute Direction
lucia-macedo-xXLT52bAzkk-unsplash.jpg,make the horse on the left side of gray horse to a white horse,Photo of a white horse,https://unsplash.com/photos/brown-and-white-horses-on-green-grass-field-during-daytime-xXLT52bAzkk,lucia-macedo-xXLT52bAzkk-unsplash_make_the_horse_on_the_left_side_of_gray_horse_to_a_white_horse.jpg,Relative Direction
madi-schwemer--GqXN6UXmUw-unsplash.jpg,Instead of the christmas ball on the bottom of the ribbon put a red christmas ball,Photo of a red christmas ball,https://unsplash.com/photos/a-close-up-of-a-christmas-tree-with-ornaments--GqXN6UXmUw,madi-schwemer--GqXN6UXmUw-unsplash_Instead_of_the_christmas_ball_on_the_bottom_of_the_ribbon_put_a_red_christmas_ball.jpg,Relative Direction
maize-ngo-OOAoicK_x_U-unsplash.jpg,Turn him into a Black man.,Photo of a Black man,https://unsplash.com/photos/womens-white-button-up-collared-shirt-OOAoicK_x_U,maize-ngo-OOAoicK_x_U-unsplash_Turn_him_into_a_Black_man.jpg,Pronoun
malvestida-u79wy47kvVs-unsplash.jpg,Make the leaf on the right an autumn leaf.,Photo of an autumn leaf,https://unsplash.com/photos/photo-of-bag-sneakers-and-sunglasses-on-beige-surface-u79wy47kvVs,malvestida-u79wy47kvVs-unsplash_Make_the_leaf_on_the_right_an_autumn_leaf.jpg,Absolute Direction
malvestida-u79wy47kvVs-unsplash.jpg,Shape the shoe on the top into a sandal.,Photo of a sandal,https://unsplash.com/photos/photo-of-bag-sneakers-and-sunglasses-on-beige-surface-u79wy47kvVs,malvestida-u79wy47kvVs-unsplash_Shape_the_shoe_on_the_top_into_a_sandal.jpg,Absolute Direction
maria-lupan-Rlakka_pZMU-unsplash.jpg,change the nail polish under the pink nail polish to green,Photo of a green nail polish,https://unsplash.com/photos/a-group-of-plastic-containers-Rlakka_pZMU,maria-lupan-Rlakka_pZMU-unsplash_change_the_nail_polish_under_the_pink_nail_polish_to_green.jpg,Relative Direction
marina-podrez-l62-amh_QEs-unsplash.jpg,Make the mug on the left out of white porcelain.,Photo of white porcelain mug,https://unsplash.com/photos/a-white-table-with-a-vase-of-flowers-on-it-l62-amh_QEs,marina-podrez-l62-amh_QEs-unsplash_Make_the_mug_on_the_left_out_of_white_porcelain.jpg,Absolute Direction
marissa-lewis-Jp3j9pQalig-unsplash.jpg,Color the chair to the left of the white chair yellow,Photo of a yellow chair,https://unsplash.com/photos/a-group-of-lawn-chairs-sitting-in-front-of-a-building-Jp3j9pQalig,marissa-lewis-Jp3j9pQalig-unsplash_Color_the_chair_to_the_left_of_the_white_chair_yellow.jpg,Relative Direction
marlon-reyes-bIxnbzBlsMU-unsplash.jpg,Add a truck on the right side of the tree,Photo of a truck,https://unsplash.com/photos/green-tree-on-brown-sand-under-blue-sky-during-daytime-bIxnbzBlsMU,marlon-reyes-bIxnbzBlsMU-unsplash_Add_a_truck_on_the_right_side_of_the_tree.jpg,Relative Direction
martin-vysoudil-krZA5A4rU7g-unsplash.jpg,morph the bug on the right side of the flower to a cockroach,Photo of a cockroach,https://unsplash.com/photos/red-and-black-butterfly-perched-on-green-plant-krZA5A4rU7g,martin-vysoudil-krZA5A4rU7g-unsplash_morph_the_bug_on_the_right_side_of_the_flower_to_a_cockroach.jpg,Relative Direction
meric-tuna-BPHPuHlYoIQ-unsplash.jpg,add a white rabbit on the left side of the horse,Photo of a white rabbit,https://unsplash.com/photos/a-brown-and-white-horse-grazing-on-a-lush-green-field-BPHPuHlYoIQ,meric-tuna-BPHPuHlYoIQ-unsplash_add_a_white_rabbit_on_the_left_side_of_the_horse.jpg,Relative Direction
micah-sammie-chaffin-BiT7NBELhTg-unsplash.jpg,Convert the branch on the right into an eyeglasses.,Photo of an eyeglasses,https://unsplash.com/photos/a-close-up-of-a-wedding-suite-on-a-bed-BiT7NBELhTg,micah-sammie-chaffin-BiT7NBELhTg-unsplash_Convert_the_branch_on_the_right_into_an_eyeglasses.jpg,Absolute Direction
michael-tri-wijaya-skC9EqIFuYI-unsplash.jpg,Convert the plate to the left of the donuts into an empty plate,Photo of an empty plate,https://unsplash.com/photos/a-wooden-table-topped-with-plates-of-food-skC9EqIFuYI,michael-tri-wijaya-skC9EqIFuYI-unsplash_Convert_the_plate_to_the_left_of_the_donuts_into_an_empty_plate.jpg,Relative Direction
micheile-henderson-EOJqV9lZNDk-unsplash.jpg,Add a fruit dish to the right of the potted plant.,Photo of a fruit dish,https://unsplash.com/photos/woman-in-black-shirt-sitting-by-the-table-EOJqV9lZNDk,micheile-henderson-EOJqV9lZNDk-unsplash_Add_a_fruit_dish_to_the_right_of_the_potted_plant.jpg,Relative Direction
mick-haupt-ySVcOaCv-yM-unsplash.jpg,Color them purple.,Photo of them in purple color,https://unsplash.com/photos/red-and-white-football-on-green-grass-ySVcOaCv-yM,mick-haupt-ySVcOaCv-yM-unsplash_Color_them_purple.jpg,Pronoun
milada-vigerova-_c8eyL7jicU-unsplash.jpg,Make the basket on the left out of plastic.,Photo of plastic basket,https://unsplash.com/photos/black-desk-lamp-on-black-wooden-drawer-_c8eyL7jicU,milada-vigerova-_c8eyL7jicU-unsplash_Make_the_basket_on_the_left_out_of_plastic.jpg,Absolute Direction
mineragua-sparkling-water-bVfoM9cqkrI-unsplash.jpg,Color her clothes blue.,Photo of her in blue clothes,https://unsplash.com/photos/a-group-of-people-sitting-next-to-each-other-bVfoM9cqkrI,mineragua-sparkling-water-bVfoM9cqkrI-unsplash_Color_her_clothes_blue.jpg,Pronoun
mitchell-orr-bfiYEbt0NOk-unsplash.jpg,Make the palm tree on the right purple.,Photo of a purple palm tree,https://unsplash.com/photos/green-palm-tree-under-blue-sky-during-daytime-bfiYEbt0NOk,mitchell-orr-bfiYEbt0NOk-unsplash_Make_the_palm_tree_on_the_right_purple.jpg,Absolute Direction
mizanudin-DaN3epmVagQ-unsplash.jpg,change his clothes to brown,Photo of his in brown clothes,https://unsplash.com/photos/three-children-walk-through-a-cornfield-together-DaN3epmVagQ,mizanudin-DaN3epmVagQ-unsplash_change_his_clothes_to_brown.jpg,Pronoun
moein-foroutani-3GMFVyFPhSU-unsplash.jpg,Make the right side snowy,Photo of a snowy scene,https://unsplash.com/photos/a-tree-that-is-standing-in-the-grass-3GMFVyFPhSU,moein-foroutani-3GMFVyFPhSU-unsplash_Make_the_right_side_snowy.jpg,Absolute Direction
mwandwe-chileshe-LCM3mEOJKZo-unsplash.jpg,make them zebras,Photo of zebras,https://unsplash.com/photos/a-herd-of-giraffe-standing-on-top-of-a-lush-green-field-LCM3mEOJKZo,mwandwe-chileshe-LCM3mEOJKZo-unsplash_make_them_zebras.jpg,Pronoun
nastia-petruk-THCNExzLwno-unsplash.jpg,Make the jug on the right blue.,Photo of a blue jug,https://unsplash.com/photos/still-life-with-vases-dried-flowers-and-abstract-art-THCNExzLwno,nastia-petruk-THCNExzLwno-unsplash_Make_the_jug_on_the_right_blue.jpg,Absolute Direction
natali-hordiiuk-YU4bKBsKykI-unsplash.jpg,Give her a neckless.,Photo of her with neckless,https://unsplash.com/photos/a-man-and-woman-holding-a-baby-YU4bKBsKykI,natali-hordiiuk-YU4bKBsKykI-unsplash_Give_her_a_neckless.jpg,Pronoun
nataliya-melnychuk-2_fMAK9SAnA-unsplash.jpg,Change the pear on the bottom into apple.,Photo of an apple,https://unsplash.com/photos/a-white-plate-with-a-fruit-on-it-next-to-a-basket-of-flowers-2_fMAK9SAnA,nataliya-melnychuk-2_fMAK9SAnA-unsplash_Change_the_pear_on_the_bottom_into_apple.jpg,Absolute Direction
nataliya-melnychuk-2_fMAK9SAnA-unsplash.jpg,Make the sunflower on the top pink.,Photo of a pink sunflower,https://unsplash.com/photos/a-white-plate-with-a-fruit-on-it-next-to-a-basket-of-flowers-2_fMAK9SAnA,nataliya-melnychuk-2_fMAK9SAnA-unsplash_Make_the_sunflower_on_the_top_pink.jpg,Absolute Direction
nataliya-melnychuk-gxo5udkNizg-unsplash.jpg,Color the left shoe pink,Photo of a pink shoe,https://unsplash.com/photos/yellow-lemon-beside-brown-leather-sandals-gxo5udkNizg,nataliya-melnychuk-gxo5udkNizg-unsplash_Change_the_lemon_to_the_right_of_the_bag_into_an_apple.jpg,Absolute Direction
nataliya-melnychuk-gxo5udkNizg-unsplash.jpg,Change the lemon to the right of the bag into an apple.,Photo of an apple,https://unsplash.com/photos/yellow-lemon-beside-brown-leather-sandals-gxo5udkNizg,nataliya-melnychuk-gxo5udkNizg-unsplash_Color_the_left_shoe_pink.jpg,Relative Direction
nathan-dumlao-P5MXtYfgmmw-unsplash.jpg,give him a mustache,Photo of a mustache,https://unsplash.com/photos/2-girls-sitting-on-floor-P5MXtYfgmmw,nathan-dumlao-P5MXtYfgmmw-unsplash_give_him_a_mustache.jpg,Pronoun
nuki-chikhladze-UFyRPNfHjrQ-unsplash.jpg,Make the shoe to the right of the black shoe pink.,Photo of a pink shoe,https://unsplash.com/photos/a-wicker-chair-with-a-bunch-of-shoes-on-it-UFyRPNfHjrQ,nuki-chikhladze-UFyRPNfHjrQ-unsplash_Make_the_shoe_to_the_right_of_the_black_shoe_pink.jpg,Relative Direction
osarugue-igbinoba-_XafwywnftA-unsplash.jpg,make him a doctor,Photo of a doctor,https://unsplash.com/photos/a-little-girl-with-her-arms-outstretched-in-front-of-two-adults-_XafwywnftA,osarugue-igbinoba-_XafwywnftA-unsplash_make_him_a_doctor.jpg,Pronoun
pascal-debrunner-ob8DTqyLzME-unsplash.jpg,add a house to the right of the tree,Photo of a house,https://unsplash.com/photos/a-snow-covered-hill-with-a-tree-on-top-of-it-ob8DTqyLzME,pascal-debrunner-ob8DTqyLzME-unsplash_add_a_house_to_the_right_of_the_tree.jpg,Relative Direction
patrycja-jadach-4kur_ZhlyAM-unsplash.jpg,Change the pie on the bottom into a chocolate pie,Photo of a chocolate pie,https://unsplash.com/photos/three-pies-sitting-on-top-of-a-wooden-table-4kur_ZhlyAM,patrycja-jadach-4kur_ZhlyAM-unsplash_Change_the_pie_on_the_bottom_into_a_chocolate_pie.jpg,Absolute Direction
paul-crook-PCdQ7ZwDm-c-unsplash.jpg,put a bowl on the right side of the bird,Photo of a bowl,https://unsplash.com/photos/a-small-bird-standing-on-top-of-a-sandy-beach-PCdQ7ZwDm-c,paul-crook-PCdQ7ZwDm-c-unsplash_put_a_bowl_on_the_right_side_of_the_bird.jpg,Relative Direction
pauline-bernard-TILpa5gDvFg-unsplash.jpg,Color the bottle on the top side green.,Photo of a green bottle,https://unsplash.com/photos/brown-bread-on-white-ceramic-plate-TILpa5gDvFg,pauline-bernard-TILpa5gDvFg-unsplash_Color_the_bottle_on_the_top_side_green.jpg,Relative Direction
peter-thomas-FfITtBEJegk-unsplash.jpg,paint the camel on the right green,Photo of a green camel,https://unsplash.com/photos/woman-riding-camel-with-guide-in-desert-FfITtBEJegk,peter-thomas-FfITtBEJegk-unsplash_paint_the_camel_on_the_right_green.jpg,Absolute Direction
philip-white-Vg3l_fjmqXc-unsplash.jpg,Make him a red hair,Photo of a red hair,https://unsplash.com/photos/a-man-and-a-woman-are-holding-a-baby-Vg3l_fjmqXc,philip-white-Vg3l_fjmqXc-unsplash_Make_him_a_red_hair.jpg,Pronoun
prydumano-design-kE6Luqa4bBQ-unsplash.jpg,Make the curtain on the left striped.,Photo of a striped curtain,https://unsplash.com/photos/a-modern-kitchen-and-living-room-are-shown-kE6Luqa4bBQ,prydumano-design-kE6Luqa4bBQ-unsplash_Make_the_curtain_on_the_left_striped.jpg,Absolute Direction
robert-collins-tvc5imO5pXk-unsplash.jpg,wear them red clothes,Photo of them in red clothes,https://unsplash.com/photos/four-boy-playing-ball-on-green-grass-tvc5imO5pXk,robert-collins-tvc5imO5pXk-unsplash_wear_them_red_clothes.jpg,Pronoun
rocky-xiong-IL2vPEd6IK8-unsplash.jpg,Remove the chair below the window.,Photo of an empty scene,https://unsplash.com/photos/sunlight-streams-into-a-room-with-chairs-and-rug-IL2vPEd6IK8,rocky-xiong-IL2vPEd6IK8-unsplash_Remove_the_chair_below_the_window.jpg,Relative Direction
rocky-xiong-UxpcX90AB6Q-unsplash.jpg,Replace the dish to the left of the faucet with a sponge.,Photo of a sponge,https://unsplash.com/photos/a-kitchen-with-a-sink-and-a-window-UxpcX90AB6Q,rocky-xiong-UxpcX90AB6Q-unsplash_Replace_the_dish_to_the_left_of_the_faucet_with_a_sponge.jpg,Relative Direction
rodrigo-rodrigues-wolf-r-t-E0IReGMibjM-unsplash.jpg,Make the napkin below the bottle pink.,Photo of a pink napkin,https://unsplash.com/photos/a-table-set-with-plates-silverware-and-flowers-E0IReGMibjM,rodrigo-rodrigues-wolf-r-t-E0IReGMibjM-unsplash_Make_the_napkin_below_the_bottle_pink.jpg,Relative Direction
ruyan-ayten-c6wYjrWf_cY-unsplash.jpg,Change the food on the top into soup,Photo of soup,https://unsplash.com/photos/a-table-is-filled-with-food-c6wYjrWf_cY,ruyan-ayten-c6wYjrWf_cY-unsplash_Change_the_food_on_the_top_into_soup.jpg,Absolute Direction
ruyan-ayten-P_Qf5AHqLh8-unsplash.jpg,Make the white dish on the bottom yellow.,Photo of a yellow dish,https://unsplash.com/photos/a-table-full-of-food-P_Qf5AHqLh8?utm_content=creditCopyText&utm_medium=referral&utm_source=unsplash,ruyan-ayten-P_Qf5AHqLh8-unsplash_Make_the_white_dish_on_the_bottom_yellow.jpg,Absolute Direction
saffu-dijU0OwtrDM-unsplash.jpg,Put the bottom side at night.,Photo of a scene at night,https://unsplash.com/photos/power-boat-parked-in-body-of-water-dijU0OwtrDM,saffu-dijU0OwtrDM-unsplash_Put_the_bottom_side_at_night.jpg,Absolute Direction
saffu-dijU0OwtrDM-unsplash.jpg,Put the top side at night.,Photo of a scene at night,https://unsplash.com/photos/power-boat-parked-in-body-of-water-dijU0OwtrDM,saffu-dijU0OwtrDM-unsplash_Put_the_top_side_at_night.jpg,Absolute Direction
samsung-uk-d9jiWu7Q90Q-unsplash.jpg,Give him red hair.,Photo of a red hair,https://unsplash.com/photos/a-group-of-people-sitting-outside-d9jiWu7Q90Q,samsung-uk-d9jiWu7Q90Q-unsplash_Give_him_red_hair.jpg,Pronoun
samuel-quek-igj-1ux3dqA-unsplash.jpg,Wear them blue jeans.,Photo of them in blue jeans,https://unsplash.com/photos/group-hiking-towards-a-snow-capped-mountain-igj-1ux3dqA,samuel-quek-igj-1ux3dqA-unsplash_Wear_them_blue_jeans.jpg,Pronoun
sangeeth-n-2w0GuKOF_Oc-unsplash.jpg,Change the apple above the cake into a peach,Photo of a peach,https://unsplash.com/photos/an-apple-pie-on-a-black-plate-surrounded-by-apples-2w0GuKOF_Oc,sangeeth-n-2w0GuKOF_Oc-unsplash_Change_the_apple_above_the_cake_into_a_peach.jpg,Relative Direction
sangeeth-n-2w0GuKOF_Oc-unsplash.jpg,Change the red apple below the cake into an orange.,Photo of an orange,https://unsplash.com/photos/an-apple-pie-on-a-black-plate-surrounded-by-apples-2w0GuKOF_Oc,sangeeth-n-2w0GuKOF_Oc-unsplash_Change_the_red_apple_below_the_cake_into_an_orange.jpg,Relative Direction
scott-longerbeam-WVpMDANVUtQ-unsplash.jpg,turn the cat on top of the drawer into a rabbit.,Photo of a rabbit,https://unsplash.com/id/foto/tangga-kayu-coklat-WVpMDANVUtQ,scott-longerbeam-WVpMDANVUtQ-unsplash_turn_the_cat_on_top_of_the_drawer_into_a_rabbit.jpg,Relative Direction
sid-balachandran-hXttDVCwyRA-unsplash.jpg,make them eagles,Photo of eagles,https://unsplash.com/photos/three-blue-and-yellow-parrots-on-tree-branch-hXttDVCwyRA,sid-balachandran-hXttDVCwyRA-unsplash_make_them_eagles.jpg,Pronoun
simona-takareviciute-Y4g79V5-B3Q-unsplash.jpg,Turn the sprinkler into a flowerpot,Photo of a flowerpot,https://unsplash.com/photos/white-ceramic-vase-with-green-plant-Y4g79V5-B3Q,simona-takareviciute-Y4g79V5-B3Q-unsplash_Turn_the_sprinkler_into_a_flowerpot.jpg,Neutral
sithamshu-manoj-bik_lIl9Nco-unsplash.jpg,make her clothes green,Photo of her with green clothes,https://unsplash.com/photos/two-man-facing-one-woman-under-white-and-blue-sky-at-daytime-bik_lIl9Nco,sithamshu-manoj-bik_lIl9Nco-unsplash_make_her_clothes_green.jpg,Pronoun
social-gems-LkzenUdmG6A-unsplash.jpg,make them cactus,Photo of cactuses,https://unsplash.com/photos/four-assorted-succulent-plants-in-pots-LkzenUdmG6A,social-gems-LkzenUdmG6A-unsplash_make_them_cactus.jpg,Pronoun
some-tale-TriXQTJ_4gk-unsplash.jpg,Turn the tomato branch on the right side of the chopping board into a bunch of grapes.,Photo of a bunch of grapes,https://unsplash.com/photos/a-group-of-vegetables-on-a-table-TriXQTJ_4gk,some-tale-TriXQTJ_4gk-unsplash_Turn_the_tomato_branch_on_the_right_side_of_the_chopping_board_into_a_bunch_of_grapes.jpg,Absolute Direction
some-tale-TriXQTJ_4gk-unsplash.jpg,Turn the top tomato branch into a bunch of grapes.,Photo of a bunch of grapes,https://unsplash.com/photos/a-group-of-vegetables-on-a-table-TriXQTJ_4gk,some-tale-TriXQTJ_4gk-unsplash_Turn_the_top_tomato_branch_into_a_bunch_of_grapes.jpg,Relative Direction
spacejoy-IH7wPsjwomc-unsplash.jpg,Turn the potted plant on the left of the golden pot into a red potted plant,Photo of a red potted plant,https://unsplash.com/photos/green-plant-on-white-ceramic-pot-IH7wPsjwomc,spacejoy-IH7wPsjwomc-unsplash_Turn_the_potted_plant_on_the_left_of_the_golden_pot_into_a_red_potted_plant.jpg,Relative Direction
stary-smok-BJ54pDm_Oqs-unsplash.jpg,Turn the right bird into a pigeon,Photo of a pigeon,https://unsplash.com/photos/three-birds-pearching-on-string-BJ54pDm_Oqs,stary-smok-BJ54pDm_Oqs-unsplash_Turn_the_right_bird_into_a_pigeon.jpg,Absolute Direction
sung-jin-cho-uwcfiOfnKHQ-unsplash.jpg,Make the teapot on the top out of clay.,Photo of a clay teapot,https://unsplash.com/id/foto/set-teh-disiapkan-dengan-kue-kue-untuk-pesta-teh-uwcfiOfnKHQ,sung-jin-cho-uwcfiOfnKHQ-unsplash_Make_the_teapot_on_the_top_out_of_clay.jpg,Absolute Direction
sung-jin-cho-uwcfiOfnKHQ-unsplash.jpg,Make the teapots out of clay.,Photo of clay teapots,https://unsplash.com/id/foto/set-teh-disiapkan-dengan-kue-kue-untuk-pesta-teh-uwcfiOfnKHQ,sung-jin-cho-uwcfiOfnKHQ-unsplash_Make_the_teapots_out_of_clay.jpg,Neutral
sutirta-budiman-Jgiv1rSIpVM-unsplash.jpg,make them donkeys,Photo of brown chairs,https://unsplash.com/de/fotos/gruppe-von-zebras-geht-auf-weizenfeld-spazieren-Jgiv1rSIpVM,sutirta-budiman-Jgiv1rSIpVM-unsplash_make_them_donkeys.jpg,Pronoun
sven-brandsma-wNtnK2Hj7NQ-unsplash.jpg,Make the chairs brown.,Photo of brown chairs,https://unsplash.com/photos/brown-wooden-table-and-chairs-wNtnK2Hj7NQ,sven-brandsma-wNtnK2Hj7NQ-unsplash_Make_the_chair_on_the_left_pink.jpg,Absolute Direction
sven-brandsma-wNtnK2Hj7NQ-unsplash.jpg,Make the chair on the left pink.,Photo of a pink chair,https://unsplash.com/photos/brown-wooden-table-and-chairs-wNtnK2Hj7NQ,sven-brandsma-wNtnK2Hj7NQ-unsplash_Make_the_chairs_brown.jpg,Neutral
tamara-bitter-6CksP4Tp2Ro-unsplash.jpg,Color the swan on the left yellow.,Photo of a yellow swan,https://unsplash.com/photos/white-swan-on-water-during-daytime-6CksP4Tp2Ro,tamara-bitter-6CksP4Tp2Ro-unsplash_Color_the_swan_on_the_left_yellow.jpg,Absolute Direction
tamara-bitter-6CksP4Tp2Ro-unsplash.jpg,Make them pink,Photo of them in pink,https://unsplash.com/photos/white-swan-on-water-during-daytime-6CksP4Tp2Ro,tamara-bitter-6CksP4Tp2Ro-unsplash_Make_them_pink.jpg,Pronoun
tata-zaremba-GxSg5E7RKhE-unsplash.jpg,Replace the fruit on the bottom with a mango.,Photo of a mango,https://unsplash.com/photos/apple-on-tray-GxSg5E7RKhE,tata-zaremba-GxSg5E7RKhE-unsplash_Replace_the_fruit_on_the_bottom_with_a_mango.jpg,Absolute Direction
tereza-ruba-AaNuSbrzsc8-unsplash.jpg,Make the cup on the left side of the coffee maker out of gold.,Photo of a golden cup,https://unsplash.com/photos/two-white-ceramic-mugs-beside-clear-glass-vase-and-white-flowers-AaNuSbrzsc8,tereza-ruba-AaNuSbrzsc8-unsplash_Make_the_cup_on_the_left_side_of_the_coffee_maker_out_of_gold.jpg,Relative Direction
theodor-vasile-Zbie8Cjsdu4-unsplash.jpg,Put a black umbrella over her head,Photo of a black umbrella,https://unsplash.com/photos/person-in-black-jacket-standing-on-snow-covered-ground-during-daytime-Zbie8Cjsdu4,theodor-vasile-Zbie8Cjsdu4-unsplash_Put_a_black_umbrella_over_her_head.jpg,Relative Direction
this-guy-anm2W21Q2EQ-unsplash.jpg,Turn the window on the right side of the balcony into a mirror,Photo of a mirror,https://unsplash.com/fr/photos/batiments-en-beton-brun-et-vert-anm2W21Q2EQ,this-guy-anm2W21Q2EQ-unsplash_Turn_the_window_on_the_right_side_of_the_balcony_into_a_mirror.jpg,Relative Direction
tile-merchant-ireland-TPzXRLb64XM-unsplash.jpg,remove the potted plant to the left of the mirror,Photo of a clean wall,https://unsplash.com/photos/a-living-room-filled-with-furniture-and-a-fire-place-TPzXRLb64XM,tile-merchant-ireland-TPzXRLb64XM-unsplash_remove_the_potted_plant_to_the_left_of_the_mirror.jpg,Relative Direction
toa-heftiba-TWOnvtstmeU-unsplash.jpg,Replace the baskets with a brown teddy bear.,Photo of a brown teddy bear,https://unsplash.com/photos/brown-woven-basket-on-white-wooden-cabinet-TWOnvtstmeU,toa-heftiba-TWOnvtstmeU-unsplash_Make_the_wicker_basket_on_the_top_out_of_velvet.jpg,Absolute Direction
toa-heftiba-TWOnvtstmeU-unsplash.jpg,Make the wicker basket on the top out of velvet.,Photo of a velvet basket,https://unsplash.com/photos/brown-woven-basket-on-white-wooden-cabinet-TWOnvtstmeU,toa-heftiba-TWOnvtstmeU-unsplash_Replace_the_baskets_with_a_brown_teddy_bear.jpg,Neutral
tom-ru-S3eG1inppG8-unsplash.jpg,convert the left bench to a wooden bench,Photo of a wooden bench,https://unsplash.com/photos/a-couple-of-red-benches-sitting-next-to-each-other-S3eG1inppG8,tom-ru-S3eG1inppG8-unsplash_convert_the_left_bench_to_a_wooden_bench.jpg,Absolute Direction
toni-goodwin-Zy5R6eXDLCw-unsplash.jpg,Make the candle on the right orange.,Photo of an orange candle,https://unsplash.com/de/fotos/ein-holztablett-mit-vielen-flaschen-flussigkeit-Zy5R6eXDLCw,toni-goodwin-Zy5R6eXDLCw-unsplash_Change_the_leaves_below_the_Buddha_statue_into_feathers.jpg,Absolute Direction
toni-goodwin-Zy5R6eXDLCw-unsplash.jpg,Change the leaves below the Buddha statue into feathers.,Photo of feathers,https://unsplash.com/de/fotos/ein-holztablett-mit-vielen-flaschen-flussigkeit-Zy5R6eXDLCw,toni-goodwin-Zy5R6eXDLCw-unsplash_Make_the_candle_on_the_right_orange.jpg,Relative Direction
tyler-lastovich-ZyfOq52b0cs-unsplash.jpg,Add a sand castle to the right of the palm tree,Photo of a sand castle,https://unsplash.com/photos/palm-tree-on-seashore-ZyfOq52b0cs,tyler-lastovich-ZyfOq52b0cs-unsplash_Add_a_sand_castle_to_the_right_of_the_palm_tree.jpg,Relative Direction
ultimate-safaris-namibia-X-niNUOTE2E-unsplash.jpg,Put hats on them.,Photo of them with hats,https://unsplash.com/id/foto/sekelompok-orang-berdiri-di-atas-ladang-tanah-X-niNUOTE2E,ultimate-safaris-namibia-X-niNUOTE2E-unsplash_Make_her_clothes_brown.jpg,Pronoun
ultimate-safaris-namibia-X-niNUOTE2E-unsplash.jpg,Make her clothes brown.,Photo of her with brown clothes,https://unsplash.com/id/foto/sekelompok-orang-berdiri-di-atas-ladang-tanah-X-niNUOTE2E,ultimate-safaris-namibia-X-niNUOTE2E-unsplash_Put_hats_on_them.jpg,Pronoun
vicky-ng-yIh0i6TYGrs-unsplash.jpg,Paint the bowl on the bottom purple,Photo of a purple bowl,https://unsplash.com/photos/brown-wooden-spoon-on-white-ceramic-bowl-yIh0i6TYGrs,vicky-ng-yIh0i6TYGrs-unsplash_Paint_the_bowl_on_the_bottom_purple.jpg,Absolute Direction
visual-karsa-cI949H7mx3E-unsplash.jpg,wear them pink clothes,Photo of them with pink clothes,https://unsplash.com/photos/people-standing-on-river-during-daytime-cI949H7mx3E,visual-karsa-cI949H7mx3E-unsplash_wear_them_pink_clothes.jpg,Pronoun
vitaly-gariev-CqKpj9LqvUM-unsplash.jpg,make his coat green,Photo of his with green coat,https://unsplash.com/photos/three-professionals-discussing-a-document-together-CqKpj9LqvUM,vitaly-gariev-CqKpj9LqvUM-unsplash_make_his_coat_green.jpg,Pronoun
vo-m-nh-d-c-41izjetHpkQ-unsplash.jpg,make her clothes purple,Photo of her with purple clothes,https://unsplash.com/photos/a-group-of-three-people-standing-next-to-each-other-41izjetHpkQ,vo-m-nh-d-c-41izjetHpkQ-unsplash_make_her_clothes_purple.jpg,Pronoun
vo-m-nh-d-c-hHtEZZMpPNQ-unsplash.jpg,color her clothes green,Photo of her with green clothes,https://unsplash.com/photos/a-group-of-three-people-standing-next-to-each-other-hHtEZZMpPNQ,vo-m-nh-d-c-hHtEZZMpPNQ-unsplash_color_her_clothes_green.jpg,Pronoun
vo-m-nh-d-c-mweGZDKwjws-unsplash.jpg,Give her a purple shirt.,Photo of her with purple shirt,https://unsplash.com/photos/a-group-of-three-people-standing-next-to-each-other-mweGZDKwjws,vo-m-nh-d-c-mweGZDKwjws-unsplash_Give_her_a_purple_shirt.jpg,Pronoun
will-h-mcmahan-jM73872dy4Y-unsplash.jpg,turn the black hen at the left side of the white hen to a khaki hen,Photo of a khaki hen,https://unsplash.com/photos/four-hens-jM73872dy4Y,will-h-mcmahan-jM73872dy4Y-unsplash_turn_the_black_hen_at_the_left_side_of_the_white_hen_to_a_khaki_hen.jpg,Relative Direction
xavier-mclaren-Gw9qhHPrzsk-unsplash.jpg,turn the horse to a black cow,Photo of a black cow,https://unsplash.com/photos/a-person-on-a-horse-chasing-a-cow-Gw9qhHPrzsk,xavier-mclaren-Gw9qhHPrzsk-unsplash_turn_the_horse_to_a_black_cow.jpg,Neutral
yakup-akdemir-s1W6LB38iYs-unsplash.jpg,Replace the squirrel statue with a rabbit statue.,Photo of a rabbit statue,https://unsplash.com/photos/green-indoor-plants-near-ceramic-rabbit-figurine-s1W6LB38iYs,yakup-akdemir-s1W6LB38iYs-unsplash_Replace_the_squirrel_statue_with_a_rabbit_statue.jpg,Neutral

